filename,date,time,DOY,daytime,file_records,used_records,Tau,qc_Tau,H,qc_H,LE,qc_LE,co2_flux,qc_co2_flux,h2o_flux,qc_h2o_flux,H_strg,LE_strg,co2_strg,h2o_strg,co2_v-adv,h2o_v-adv,co2_molar_density,co2_mole_fraction,co2_mixing_ratio,co2_time_lag,co2_def_timelag,h2o_molar_density,h2o_mole_fraction,h2o_mixing_ratio,h2o_time_lag,h2o_def_timelag,sonic_temperature,air_temperature,air_pressure,air_density,air_heat_capacity,air_molar_volume,ET,water_vapor_density,e,es,specific_humidity,RH,VPD,Tdew,u_unrot,v_unrot,w_unrot,u_rot,v_rot,w_rot,wind_speed,max_wind_speed,wind_dir,yaw,pitch,roll,u*,TKE,L,(z-d)/L,bowen_ratio,T*,model,x_peak,x_offset,x_10%,x_30%,x_50%,x_70%,x_90%,un_Tau,Tau_scf,un_H,H_scf,un_LE,LE_scf,un_co2_flux,co2_scf,un_h2o_flux,h2o_scf,spikes_hf,amplitude_resolution_hf,drop_out_hf,absolute_limits_hf,skewness_kurtosis_hf,skewness_kurtosis_sf,discontinuities_hf,discontinuities_sf,timelag_hf,timelag_sf,attack_angle_hf,non_steady_wind_hf,u_spikes,v_spikes,w_spikes,ts_spikes,co2_spikes,h2o_spikes,head_detect_LI-7200,t_out_LI-7200,t_in_LI-7200,aux_in_LI-7200,delta_p_LI-7200,chopper_LI-7200,detector_LI-7200,pll_LI-7200,sync_LI-7200,mean_value_RSSI_LI-7200,u_var,v_var,w_var,ts_var,co2_var,h2o_var,w/ts_cov,w/co2_cov,w/h2o_cov,co2_mean,h2o_mean,auxiliary_input_1_mean,auxiliary_input_2_mean,auxiliary_input_3_mean,auxiliary_input_4_mean,vin_sf_mean,co2_mean.1,h2o_mean.1,dew_point_mean,avg_signal_strength_7200_mean,co2_signal_strength_7200_mean,h2o_signal_strength_7200_mean,delta_signal_strength_7200_mean,flowrate_mean,hit_power_mean,hit_vin_mean
2020-08-01T003000_AIU-2109.ghg,2020-08-01,01:00,214.0416,0,18000,18000,-0.641861E-01,2,-74.3863,2,26.5529,2,13.1404,2,0.602926,2,0.264611E-01,-0.107567E-01,-0.472172E-02,-0.244249E-03,0.355308E-09,0.187441E-10,14.8832,423.605,433.287,0.100000,1,785.158,22.3471,22.8579,0.100000,1,298.961,296.854,87172.0,1.01451,1017.87,0.285133E-01,0.390696E-01,0.141230E-01,1934.73,2919.95,0.139211E-01,66.2590,985.220,290.138,0.561498,-2.11187,-0.252294,2.19976,-0.388893E-13,0.238731E-13,2.19976,4.85295,72.7548,284.889,-6.58583,-9999,0.251532,0.830456,16.9580,0.589691E-02,-2.80143,0.286386,0,-9999,-9999,-9999,-9999,-9999,-9999,-9999,-0.553861E-01,1.15888,-56.4733,1.31020,11.0577,2.40130,5.47219,2.40130,0.251083,2.40130,800000099,800000099,800000099,800000099,800000099,800000099,899999999,899999999,89999,89999,89,89,6,10,1,1,3,0,0,0,18000,0,0,0,0,0,0,93,1.35698,0.173338,0.130589,0.256701,5.53719,0.664462E-01,-0.546885E-01,0.159572,0.732171E-02,14.8853,785.262,0.755249E-03,0.683881E-02,-0.421816E-02,0.796795E-03,15.5350,423.606,22.3471,16.8425,92.0395,91.8779,92.2012,-0.323272,0.315998E-03,2.00000,15.2497
2020-08-01T010000_AIU-2109.ghg,2020-08-01,01:30,214.0624,0,18000,18000,-0.499300E-02,2,-2.38564,2,4.62187,2,-0.803494,2,0.104910,2,-0.209666E-01,0.487747E-01,0.398923E-02,0.110711E-02,-0.108251E-09,-0.580078E-11,14.9375,425.178,435.091,0.100000,1,800.447,22.7838,23.3150,0.100000,1,298.635,296.489,87145.4,1.01528,1018.11,0.284909E-01,0.679815E-02,0.144104E-01,1971.66,2856.30,0.141935E-01,69.0286,884.635,290.437,0.453941,-1.39412,-0.179019,1.47705,0.669787E-14,-0.724693E-14,1.47705,2.82763,68.6012,288.036,-6.96137,-9999,0.701274E-01,0.239219,11.4573,0.872805E-02,-0.516164,0.329107E-01,0,-9999,-9999,-9999,-9999,-9999,-9999,-9999,-0.432143E-02,1.15540,-1.68663,1.32247,2.04189,2.26352,-0.354975,2.26352,0.463480E-01,2.26352,800000099,800000099,800000099,800000099,800000099,800000199,899999999,899999999,89999,89999,89,89,9,4,0,17,4,0,0,0,18000,0,0,0,0,0,0,93,0.368902,0.806507E-01,0.288844E-01,0.971017E-01,3.76676,0.459547E-01,-0.163170E-02,-0.103477E-01,0.135106E-02,14.9396,800.556,0.755478E-03,0.684547E-02,-0.422765E-02,0.794905E-03,15.5383,425.180,22.7838,17.1443,91.9744,91.8001,92.1486,-0.348495,0.316653E-03,2.00000,15.2486
2020-08-01T013000_AIU-2109.ghg,2020-08-01,02:00,214.0833,0,18000,18000,-0.117953E-01,2,-16.1432,2,-22.8664,2,3.65765,2,-0.518890,2,-0.163808E-01,-0.872992E-02,0.126489E-02,-0.198102E-03,-0.946572E-11,-0.504904E-12,14.9682,425.677,435.567,0.100000,1,798.407,22.7057,23.2333,0.100000,1,298.340,296.204,87111.9,1.01590,1018.06,0.284737E-01,-0.336240E-01,0.143696E-01,1964.20,2807.54,0.141448E-01,69.9616,843.340,290.377,0.507998,-1.42805,-0.192445,1.52788,0.221155E-14,-0.632390E-15,1.52788,3.27518,70.6048,289.582,-7.23593,-9999,0.107753,0.190766,6.14039,0.162856E-01,0.705979,0.144856,0,-9999,-9999,-9999,-9999,-9999,-9999,-9999,-0.101463E-01,1.16252,-12.8429,1.33140,-9.87072,2.31658,1.57890,2.31658,-0.223989,2.31658,800000099,800000099,800000099,800000099,800000099,800100199,899999999,899999999,89999,89999,89,89,8,0,0,0,1,3,0,0,18000,0,0,0,0,0,0,93,0.247354,0.835839E-01,0.505947E-01,0.264361,4.41378,0.982009E-01,-0.124176E-01,0.459942E-01,-0.652493E-02,14.9703,798.516,0.754164E-03,0.684857E-02,-0.422939E-02,0.796220E-03,15.5300,425.679,22.7057,17.0835,91.9243,91.7315,92.1172,-0.385761,0.315640E-03,2.00000,15.2500
2020-08-01T020000_AIU-2109.ghg,2020-08-01,02:30,214.1041,0,18000,18000,0.844107E-02,2,-2.66906,2,-0.946291,2,-0.597195,2,-0.214704E-01,2,-0.848636E-02,-0.520067E-01,0.145512E-02,-0.117998E-02,0.192630E-09,0.100510E-10,15.0001,426.250,435.946,0.100000,1,782.674,22.2408,22.7467,-0.100000,0,298.148,296.056,87107.7,1.01653,1017.79,0.284567E-01,-0.139128E-02,0.140838E-01,1924.17,2782.67,0.138548E-01,69.1483,858.500,290.052,0.478116,-1.84663,-0.275349,1.92729,0.147206E-13,0.128419E-13,1.92729,3.15362,75.5937,284.516,-8.21388,-9999,0.911252E-01,0.125275,22.4596,0.445243E-02,2.82054,0.283099E-01,0,-9999,-9999,-9999,-9999,-9999,-9999,-9999,0.730598E-02,1.15536,-2.07505,1.31167,-0.403415,2.34570,-0.254591,2.34570,-0.915310E-02,2.34570,800000099,800000099,800000099,800000099,800000099,800000199,899999999,899999999,89999,89999,89,89,13,0,0,13,12,7,0,0,18000,0,0,0,0,0,0,93,0.149700,0.661598E-01,0.346902E-01,0.143413,2.43023,0.448837E-01,-0.200562E-02,-0.740849E-02,-0.266351E-03,15.0023,782.782,0.752218E-03,0.684266E-02,-0.422291E-02,0.794040E-03,15.5200,426.251,22.2408,16.7567,91.9701,91.7760,92.1642,-0.388178,0.316474E-03,2.00000,15.2489
2020-08-01T023000_AIU-2109.ghg,2020-08-01,03:00,214.1249,0,18000,18000,-0.294386E-01,2,-14.6547,2,3.00675,2,2.28834,2,0.682029E-01,2,-0.150205E-01,-0.209538E-01,-0.792436E-03,-0.475302E-03,0.176870E-09,0.915777E-11,14.9973,425.938,435.544,0.100000,1,776.513,22.0537,22.5510,0.100000,1,297.867,295.795,87098.4,1.01739,1017.68,0.284330E-01,0.441955E-02,0.139770E-01,1907.89,2739.02,0.137381E-01,69.6562,831.122,289.918,0.221957,-1.95033,-0.219355,1.97514,-0.132202E-13,0.117935E-13,1.97514,3.55258,84.4906,276.493,-6.37632,-9999,0.170104,0.275033,26.6049,0.375871E-02,-4.87394,0.832074E-01,0,-9999,-9999,-9999,-9999,-9999,-9999,-9999,-0.254844E-01,1.15516,-11.1814,1.31034,1.27873,2.35136,0.973199,2.35136,0.290057E-01,2.35136,800000099,800000099,800000099,800000099,800000099,800000099,899999999,899999999,89999,89999,89,89,2,2,0,0,0,0,0,0,18000,0,0,0,0,0,0,93,0.316762,0.176543,0.567597E-01,0.214298,2.79162,0.854690E-01,-0.107994E-01,0.282907E-01,0.843189E-03,14.9995,776.619,0.750545E-03,0.683032E-02,-0.421571E-02,0.794257E-03,15.5100,425.940,22.0536,16.6229,91.9706,91.7705,92.1707,-0.400217,0.315804E-03,2.00000,15.2483
2020-08-01T030000_AIU-2109.ghg,2020-08-01,03:30,214.1458,0,18000,18000,0.189258E-01,2,-13.2615,2,-8.07155,2,2.39521,2,-0.183078,2,-0.370124E-02,-0.294731E-01,-0.303783E-02,-0.668505E-03,-0.191577E-10,-0.982847E-12,14.9625,424.743,434.204,0.100000,1,767.620,21.7906,22.2760,-0.200000,0,297.778,295.730,87098.8,1.01772,1017.53,0.284243E-01,-0.118634E-01,0.138145E-01,1885.30,2728.40,0.135740E-01,69.0991,843.101,289.731,0.244772,-1.55476,-0.163766,1.58241,-0.348859E-13,-0.128038E-14,1.58241,3.17371,82.5487,278.947,-5.94030,-9999,0.136368,0.179843,15.1470,0.660198E-02,1.64299,0.939079E-01,0,-9999,-9999,-9999,-9999,-9999,-9999,-9999,0.163887E-01,1.15481,-10.3493,1.31899,-3.53671,2.28222,1.04951,2.28222,-0.802193E-01,2.28222,800000099,800000099,800000099,800000099,800000099,800000099,899999999,899999999,89999,89999,89,89,1,2,0,0,2,2,0,0,18000,0,0,0,0,0,0,93,0.191443,0.120542,0.477008E-01,0.218976,2.00377,0.119413,-0.999387E-02,0.304917E-01,-0.233063E-02,14.9646,767.723,0.750899E-03,0.682712E-02,-0.421311E-02,0.796847E-03,15.4933,424.744,21.7905,16.4344,91.9917,91.7902,92.1932,-0.403075,0.315985E-03,2.00000,15.2498
2020-08-01T033000_AIU-2109.ghg,2020-08-01,04:00,214.1666,0,18000,18000,0.224628E-01,2,-6.12622,2,14.4574,2,-1.04870,2,0.327966,2,0.842579E-02,-0.408132E-03,0.116431E-02,-0.925852E-05,-0.145695E-09,-0.746530E-11,14.9727,425.201,434.672,0.100000,1,767.188,21.7869,22.2722,0.100000,1,297.925,295.877,87084.0,1.01704,1017.54,0.284432E-01,0.212522E-01,0.138030E-01,1884.67,2752.77,0.135717E-01,68.4644,868.102,289.725,0.314456,-2.11544,-0.243085,2.15245,0.259744E-13,-0.973073E-14,2.15245,3.72154,81.5993,278.455,-6.48448,-9999,0.148615,0.170456,42.4345,0.235658E-02,-0.423744,0.398329E-01,0,-9999,-9999,-9999,-9999,-9999,-9999,-9999,0.194388E-01,1.15556,-4.33262,1.30706,6.08211,2.37703,-0.441182,2.37703,0.137973,2.37703,800000099,800000099,800000099,800000099,800000099,800000199,899999999,899999999,89999,89999,89,89,10,7,0,7,3,0,0,0,18000,0,0,0,0,0,0,93,0.178039,0.119640,0.432321E-01,0.113547,1.53752,0.137943,-0.418661E-02,-0.128262E-01,0.401121E-02,14.9748,767.290,0.753312E-03,0.683092E-02,-0.421284E-02,0.795671E-03,15.4950,425.203,21.7868,16.4277,92.0062,91.8080,92.2045,-0.396509,0.315244E-03,2.00000,15.2481
2020-08-01T040000_AIU-2109.ghg,2020-08-01,04:30,214.1874,0,18000,18000,-0.489248E-01,2,-65.9183,2,1.99511,2,12.6917,2,0.452632E-01,2,0.527009E-02,-0.655662E-01,-0.333854E-02,-0.148751E-02,0.185761E-09,0.929101E-11,14.9225,423.886,433.068,-0.100000,0,746.363,21.2010,21.6603,0.100000,1,297.962,295.969,87082.8,1.01693,1017.21,0.284471E-01,0.293305E-02,0.134299E-01,1834.30,2768.24,0.132063E-01,66.2624,933.939,289.300,0.497560,-2.65200,-0.297541,2.71463,-0.670546E-14,0.124484E-13,2.71463,4.70055,81.0461,280.626,-6.29264,-9999,0.219340,0.496429,12.6772,0.788817E-02,-33.0400,0.290526,0,-9999,-9999,-9999,-9999,-9999,-9999,-9999,-0.419494E-01,1.16628,-50.6742,1.30833,0.802095,2.48737,5.10247,2.48737,0.181972E-01,2.48737,800000099,800000099,800000099,800000099,800000099,800000199,899999999,899999999,89999,89999,89,89,15,9,2,8,11,3,0,0,18000,0,0,0,0,0,0,93,0.598452,0.277479,0.116927,0.148346,2.54562,0.872691E-01,-0.489874E-01,0.148274,0.528798E-03,14.9246,746.465,0.752979E-03,0.683412E-02,-0.421521E-02,0.797085E-03,15.5200,423.888,21.2010,16.0004,92.1151,91.9349,92.2954,-0.360510,0.315727E-03,2.00000,15.2473
2020-08-01T043000_AIU-2109.ghg,2020-08-01,05:00,214.2083,0,18000,18000,0.367644E-01,2,-55.8005,2,-93.2077,2,9.91655,2,-2.11470,2,0.237499E-02,0.463923E-01,-0.232312E-02,0.105255E-02,-0.987257E-11,-0.504529E-12,14.8895,422.971,432.316,0.100000,1,760.916,21.6156,22.0931,0.100000,1,298.043,296.010,87114.5,1.01700,1017.44,0.284445E-01,-0.137032,0.136938E-01,1870.60,2775.09,0.134648E-01,67.4069,904.488,289.608,0.464367,-1.71502,-0.230487,1.79167,-0.161449E-13,-0.663054E-15,1.79167,4.33202,73.5177,285.150,-7.39124,-9999,0.190131,0.443174,9.75751,0.102485E-01,0.598668,0.283631,0,-9999,-9999,-9999,-9999,-9999,-9999,-9999,0.317145E-01,1.15923,-45.0935,1.32001,-39.7158,2.34687,4.22545,2.34687,-0.901073,2.34687,800000099,800000099,800000099,800000099,800000099,800000099,899999999,899999999,89999,89999,89,89,5,4,0,0,13,0,0,0,18000,0,0,0,0,0,0,93,0.602219,0.183614,0.100514,0.237655,2.99716,0.134295,-0.435794E-01,0.122828,-0.261930E-01,14.8916,761.019,0.751717E-03,0.683836E-02,-0.421997E-02,0.794879E-03,15.5150,422.973,21.6155,16.3100,92.0684,91.8849,92.2518,-0.366971,0.316076E-03,2.00000,15.2499
2020-08-01T050000_AIU-2109.ghg,2020-08-01,05:30,214.2291,0,18000,18000,-0.567671E-01,2,-39.3331,2,41.7751,2,6.92869,2,0.947579,2,-0.134561E-01,-0.363274E-01,0.141908E-02,-0.824009E-03,-0.187813E-09,-0.944159E-11,14.9173,423.530,432.744,0.100000,1,749.908,21.2913,21.7545,0.100000,1,297.777,295.776,87116.3,1.01795,1017.26,0.284185E-01,0.614031E-01,0.135007E-01,1842.77,2736.08,0.132626E-01,67.3507,893.312,289.372,0.430774,-2.25031,-0.250124,2.30478,0.706800E-14,-0.125903E-13,2.30478,4.37316,79.5813,280.837,-6.23025,-9999,0.236148,0.345507,26.5213,0.377055E-02,-0.941546,0.160848,0,-9999,-9999,-9999,-9999,-9999,-9999,-9999,-0.490104E-01,1.15826,-29.1910,1.30725,17.3376,2.40951,2.87556,2.40951,0.393266,2.40951,800000099,800000099,800000099,800000099,800000099,800000099,899999999,899999999,89999,89999,89,89,9,1,0,2,8,0,0,0,18000,0,0,0,0,0,0,93,0.368429,0.205067,0.117519,0.181622,2.32844,0.389789E-01,-0.281898E-01,0.834851E-01,0.114176E-01,14.9194,750.011,0.750173E-03,0.684046E-02,-0.422557E-02,0.793859E-03,15.5100,423.531,21.2914,16.0744,92.1039,91.9210,92.2869,-0.365848,0.314953E-03,2.00000,15.2493
2020-08-01T053000_AIU-2109.ghg,2020-08-01,06:00,214.2499,0,18000,18000,-0.110801E-01,2,-27.0607,2,-31.2008,2,3.34503,2,-0.707868,2,0.121411E-01,0.942580E-01,-0.663218E-02,0.213848E-02,-0.113802E-09,-0.598418E-11,14.8151,420.918,430.445,0.100000,1,779.042,22.1336,22.6346,0.100000,1,298.069,295.987,87116.4,1.01691,1017.73,0.284463E-01,-0.458698E-01,0.140211E-01,1915.16,2771.15,0.137879E-01,69.1105,855.996,289.978,0.230692,-1.53899,-0.188778,1.56759,-0.438453E-14,-0.768145E-14,1.56759,3.65182,78.5234,278.525,-6.91665,-9999,0.104383,0.382279,3.32980,0.300318E-01,0.867309,0.250492,0,-9999,-9999,-9999,-9999,-9999,-9999,-9999,-0.944400E-02,1.17324,-21.0886,1.34538,-13.0675,2.38766,1.40097,2.38766,-0.296470,2.38766,800000099,800000099,800000099,800000099,800000099,800000199,899999999,899999999,89999,89999,89,89,6,3,0,8,3,0,0,0,18000,0,0,0,0,0,0,93,0.562459,0.145424,0.566749E-01,0.158159,1.05755,0.389457,-0.203766E-01,0.407482E-01,-0.862304E-02,14.8172,779.131,0.750605E-03,0.684434E-02,-0.422487E-02,0.794520E-03,15.5183,420.919,22.1333,16.6775,91.9764,91.7821,92.1707,-0.388571,0.316031E-03,2.00000,15.2488
2020-08-01T060000_AIU-2109.ghg,2020-08-01,06:30,214.2707,1,18000,18000,0.203065E-01,2,-10.9446,2,-11.8383,2,0.209898,2,-0.268678,2,0.212238E-01,-0.385676E-02,-0.655390E-02,-0.875316E-04,0.437772E-10,0.231260E-11,14.7030,418.333,427.787,0.100000,1,776.711,22.0991,22.5985,0.00000,0,298.437,296.357,87128.8,1.01580,1017.72,0.284775E-01,-0.174103E-01,0.139839E-01,1912.46,2833.81,0.137664E-01,67.4873,921.348,289.956,0.304446,-1.40828,-0.197263,1.45426,0.494945E-13,0.297743E-14,1.45426,2.72029,79.4009,282.199,-7.79593,-9999,0.141388,0.170266,20.4622,0.488707E-02,0.924511,0.748776E-01,0,-9999,-9999,-9999,-9999,-9999,-9999,-9999,0.176122E-01,1.15298,-8.68973,1.31950,-5.27467,2.24437,0.935220E-01,2.24437,-0.119712,2.24437,800000099,800000099,800000099,800000099,800000099,800000099,899999999,899999999,89999,89999,89,89,8,0,0,0,14,1,0,0,18000,0,0,0,0,0,0,93,0.175676,0.128967,0.358898E-01,0.128529,2.44682,0.353455E-01,-0.840564E-02,0.272304E-02,-0.348561E-02,14.7051,776.816,0.752426E-03,0.684794E-02,-0.423028E-02,0.795130E-03,15.5200,418.335,22.0991,16.6601,92.0386,91.8701,92.2070,-0.336954,0.315892E-03,2.00000,15.2479
2020-08-01T063000_AIU-2109.ghg,2020-08-01,07:00,214.2916,1,18000,18000,0.169584E-01,2,-8.02383,2,13.3473,2,-1.36705,2,0.303021,2,0.188094E-01,0.616020E-01,-0.781346E-02,0.139854E-02,-0.133155E-09,-0.726339E-11,14.5682,415.249,424.873,0.100000,1,794.672,22.6512,23.1761,0.100000,1,298.820,296.685,87145.4,1.01466,1018.04,0.285085E-01,0.196358E-01,0.143176E-01,1960.26,2890.28,0.141107E-01,67.8227,930.014,290.345,0.253623,-1.07091,-0.172671,1.11399,-0.291991E-13,-0.914012E-14,1.11399,2.31641,77.3338,283.324,-8.91688,-9999,0.129280,0.174239,21.3417,0.468565E-02,-0.601159,0.600849E-01,0,-9999,-9999,-9999,-9999,-9999,-9999,-9999,0.147193E-01,1.15212,-5.69487,1.32679,6.20231,2.15198,-0.635253,2.15198,0.140810,2.15198,800000099,800000099,800000099,800000099,800000099,800000099,899999999,899999999,89999,89999,89,89,2,4,0,6,4,0,0,0,18000,0,0,0,0,0,0,93,0.191068,0.139463,0.179475E-01,0.506332E-01,2.84107,0.450273E-01,-0.551314E-02,-0.185269E-01,0.410666E-02,14.5702,794.778,0.756261E-03,0.684729E-02,-0.422875E-02,0.796068E-03,15.5200,415.250,22.6512,17.0523,91.8308,91.6741,91.9874,-0.313339,0.317150E-03,2.00000,15.2505
2020-08-01T070000_AIU-2109.ghg,2020-08-01,07:30,214.3124,1,18000,18000,0.163972E-01,2,-8.63292,2,5.15543,2,-12.4146,2,0.117062,2,0.950724E-02,0.208923E-01,-0.713236E-02,0.474390E-03,0.779169E-10,0.431467E-11,14.4272,412.432,422.072,0.100000,0,798.911,22.8385,23.3723,0.100000,1,299.004,296.850,87144.4,1.01401,1018.15,0.285265E-01,0.758561E-02,0.144270E-01,1976.34,2919.23,0.142276E-01,67.7007,942.891,290.474,0.534005,-0.806660,-0.213329,0.990642,-0.302411E-13,0.540069E-14,0.990642,2.08873,53.8150,303.504,-12.4357,-9999,0.127164,0.145693,18.8782,0.529711E-02,-1.67453,0.657569E-01,0,-9999,-9999,-9999,-9999,-9999,-9999,-9999,0.142198E-01,1.15312,-6.37485,1.33162,2.43112,2.12060,-5.85429,2.12060,0.552022E-01,2.12060,800000099,800000099,800000099,800000099,800000099,800000099,899999999,899999999,89999,89999,89,89,7,0,0,4,1,0,0,0,18000,0,0,0,0,0,0,93,0.149456,0.991206E-01,0.428105E-01,0.384261E-01,3.11324,0.921910E-01,-0.617471E-02,-0.170877,0.161126E-02,14.4293,799.017,0.758657E-03,0.684902E-02,-0.422739E-02,0.796272E-03,15.5200,412.433,22.8385,17.1799,91.8426,91.7154,91.9698,-0.254384,0.318062E-03,2.00000,15.2513
2020-08-01T073000_AIU-2109.ghg,2020-08-01,08:00,214.3332,1,18000,18000,0.718233E-01,2,83.7816,2,37.6337,2,-21.4130,2,0.854983,2,0.312875E-01,0.104379,0.466835E-02,0.237134E-02,0.114005E-09,0.654321E-11,14.3927,414.280,424.370,0.200000,0,826.051,23.7771,24.3563,0.500000,0,299.643,297.397,87147.3,1.01183,1018.68,0.285865E-01,0.554029E-01,0.149883E-01,2057.01,3016.37,0.148131E-01,68.1948,959.363,291.109,0.775043,0.253039,-0.153141,0.829561,0.237050E-13,0.792108E-14,0.829561,2.45772,346.149,18.0810,-10.6381,-9999,0.266427,0.233344,-17.8939,-0.558850E-02,2.22624,-0.305087,0,-9999,-9999,-9999,-9999,-9999,-9999,-9999,0.631281E-01,1.13774,69.4006,1.24278,22.9337,1.64098,-13.0489,1.64098,0.521021,1.64098,800000099,800000099,800000099,800000099,800000099,800010099,899999999,899999999,89999,89999,89,89,4,7,0,5,0,0,0,0,18000,0,0,0,0,0,0,93,0.176482,0.189208,0.100998,0.134855,10.3798,0.257266,0.673312E-01,-0.382041,0.152542E-01,14.3945,826.131,0.754557E-03,0.685393E-02,-0.424343E-02,0.791243E-03,15.5200,414.280,23.7768,17.8120,91.8321,91.7617,91.9025,-0.140779,0.319608E-03,2.00000,15.2581
2020-08-01T080000_AIU-2109.ghg,2020-08-01,08:30,214.3541,1,18000,18000,-0.102718,2,162.715,2,253.213,2,-13.8229,2,5.75753,2,0.501239E-01,0.111513E-01,0.469293E-03,0.253558E-03,-0.277037E-09,-0.159604E-10,14.3254,414.466,424.605,0.100000,0,825.303,23.8778,24.4619,0.300000,0,300.538,298.275,87138.6,1.00871,1018.76,0.286746E-01,0.373088,0.150055E-01,2065.45,3178.76,0.148759E-01,64.9765,1113.31,291.174,0.615653,1.23434,0.183382,1.39150,0.294118E-14,-0.193388E-13,1.39150,3.79354,298.415,63.4914,7.57289,-9999,0.319110,0.418365,-15.8305,-0.631691E-02,0.642603,-0.496190,0,-9999,-9999,-9999,-9999,-9999,-9999,-9999,-0.906530E-01,1.13309,144.947,1.21286,151.443,1.67200,-8.26730,1.67200,3.44350,1.67200,800000099,800000099,800000099,800000099,800000099,800000099,899999999,899999999,89999,89999,89,89,1,0,0,9,2,0,0,0,18000,0,0,0,0,0,0,93,0.305704,0.332414,0.198611,0.303425,1.34932,0.214138,0.141049,-0.242817,0.101139,14.3274,825.419,0.746372E-03,0.686620E-02,-0.427561E-02,0.775957E-03,15.5367,414.467,23.8777,17.8757,91.8387,91.8150,91.8623,-0.472342E-01,0.321204E-03,2.00000,15.2588
2020-08-01T083000_AIU-2109.ghg,2020-08-01,09:00,214.3749,1,18000,18000,-0.164230,2,289.357,2,248.722,2,-15.6203,2,5.65943,2,0.416498E-01,-0.246793E-01,-0.210966E-02,-0.561554E-03,0.485216E-10,0.277484E-11,14.2434,413.626,423.648,0.200000,0,814.544,23.6543,24.2274,0.500000,0,301.253,299.006,87128.1,1.00621,1018.65,0.287464E-01,0.366731,0.148280E-01,2046.01,3319.90,0.147365E-01,61.6288,1273.89,291.024,0.964348,1.06949,0.553724E-01,1.44113,-0.754895E-13,0.340661E-14,1.44113,4.69781,310.145,47.9594,2.20202,-9999,0.404001,0.580697,-18.0621,-0.553646E-02,1.16338,-0.698777,0,-9999,-9999,-9999,-9999,-9999,-9999,-9999,-0.144972,1.13284,250.415,1.21070,148.544,1.67440,-9.32889,1.67440,3.37998,1.67440,800000099,800000099,800000099,800000099,800000099,800000199,899999999,899999999,89999,89999,89,89,4,3,0,4,12,1,0,0,18000,0,0,0,0,0,0,93,0.490017,0.353008,0.318370,0.440500,0.790232,0.109986,0.244313,-0.274621,0.994987E-01,14.2453,814.641,0.741248E-03,0.687922E-02,-0.429367E-02,0.773060E-03,15.5383,413.628,23.6541,17.7230,91.8788,91.8861,91.8714,0.147411E-01,0.322796E-03,2.00000,15.2608
2020-08-01T090000_AIU-2109.ghg,2020-08-01,09:30,214.3957,1,18000,18000,-0.210247,2,340.092,2,313.731,2,-16.7139,2,7.14379,2,0.420174E-01,0.121468E-01,0.175536E-02,0.276588E-03,0.156165E-09,0.895718E-11,14.2351,414.327,424.413,0.100000,0,816.489,23.7647,24.3432,0.300000,0,302.009,299.746,87142.3,1.00385,1018.73,0.288138E-01,0.462917,0.148623E-01,2055.82,3468.03,0.148053E-01,59.2792,1412.21,291.100,0.655580,1.68691,0.240325,1.82571,0.362823E-13,0.109704E-13,1.82571,4.93549,292.294,68.7625,7.56401,-9999,0.457647,0.863666,-22.3418,-0.447591E-02,1.08402,-0.726671,0,-9999,-9999,-9999,-9999,-9999,-9999,-9999,-0.185812,1.13151,298.563,1.19596,185.489,1.69137,-9.88186,1.69137,4.22366,1.69137,800000099,800000099,800000099,800000099,800000099,800001099,899999999,899999999,89999,89999,89,89,1,3,0,2,11,0,0,0,18000,0,0,0,0,0,0,93,0.675036,0.680882,0.371414,0.607565,1.95656,0.172463,0.291950,-0.291614,0.124640,14.2370,816.597,0.742312E-03,0.689024E-02,-0.430264E-02,0.770941E-03,15.5300,414.328,23.7646,17.7960,91.8824,91.9079,91.8569,0.509629E-01,0.323128E-03,2.00000,15.2602
2020-08-01T093000_AIU-2109.ghg,2020-08-01,10:00,214.4165,1,18000,18000,-0.183829,2,376.509,2,234.944,2,-17.9889,2,5.35082,2,0.113399E-01,0.179826E-01,0.245000E-03,0.409551E-03,-0.130060E-09,-0.750946E-11,14.2344,414.425,424.584,0.100000,0,821.872,23.9282,24.5148,0.200000,0,302.226,299.945,87142.6,1.00312,1018.83,0.288344E-01,0.346733,0.149539E-01,2069.86,3508.97,0.149073E-01,58.9878,1439.11,291.208,0.550755,2.02304,0.167868,2.10338,0.385803E-13,-0.913701E-14,2.10338,5.87096,287.393,74.7708,4.57758,-9999,0.428085,0.995029,-16.5178,-0.605407E-02,1.60255,-0.860579,0,-9999,-9999,-9999,-9999,-9999,-9999,-9999,-0.162523,1.13110,328.352,1.18785,137.949,1.70312,-10.5623,1.70312,3.14177,1.70312,800000099,800000099,800000099,800000099,800000099,800000099,899999999,899999999,89999,89999,89,89,2,5,0,5,4,2,0,0,18000,0,0,0,0,0,0,93,0.954078,0.616146,0.419836,0.554629,0.802455,0.133437,0.321282,-0.311967,0.927951E-01,14.2364,821.976,0.742048E-03,0.689514E-02,-0.430961E-02,0.771062E-03,15.5300,414.426,23.9280,17.9051,91.8545,91.8826,91.8264,0.562103E-01,0.324184E-03,2.00000,15.2595
2020-08-01T100000_AIU-2109.ghg,2020-08-01,10:30,214.4374,1,18000,18000,-0.312505,2,389.936,2,181.093,2,-22.3071,2,4.12371,2,-0.941633E-02,0.115776,-0.179568E-02,0.263635E-02,-0.181138E-09,-0.109375E-10,14.2310,413.708,424.307,0.100000,0,859.302,24.9806,25.6207,0.300000,0,302.159,299.780,87129.5,1.00313,1019.41,0.288324E-01,0.267216,0.156127E-01,2159.85,3474.60,0.155639E-01,62.1611,1314.75,291.887,0.578143,2.92681,0.197597,2.98990,-0.140223E-12,-0.127284E-13,2.98990,7.06678,280.839,78.8260,3.78934,-9999,0.558148,1.23005,-35.3528,-0.282863E-02,2.15323,-0.683181,0,-9999,-9999,-9999,-9999,-9999,-9999,-9999,-0.276152,1.13164,341.619,1.17375,103.824,1.74422,-12.7891,1.74422,2.36421,1.74422,800000099,800000099,800000099,800000099,800000099,800000099,899999999,899999999,89999,89999,89,89,7,0,0,1,14,0,0,0,18000,0,0,0,0,0,0,93,1.06242,0.925424,0.472248,0.712659,1.14871,0.143771,0.334067,-0.378114,0.698984E-01,14.2330,859.417,0.739523E-03,0.689483E-02,-0.430977E-02,0.770444E-03,15.5300,413.709,24.9805,18.5900,91.8234,91.8375,91.8093,0.281606E-01,0.323077E-03,2.00000,15.2591
2020-08-01T103000_AIU-2109.ghg,2020-08-01,11:00,214.4582,1,18000,18000,-0.316963,2,439.260,2,258.435,2,-31.3947,2,5.88509,2,0.213790E-02,-0.346881E-01,0.292435E-02,-0.789918E-03,-0.171381E-10,-0.101890E-11,14.3005,414.875,425.367,0.100000,0,850.200,24.6653,25.2891,0.300000,0,302.167,299.817,87133.3,1.00317,1019.23,0.288319E-01,0.381354,0.154159E-01,2132.90,3482.41,0.153672E-01,61.2478,1349.51,291.686,0.578443,2.86263,0.287638,2.93461,-0.345891E-14,-0.119842E-14,2.93461,6.65244,280.701,78.5762,5.62491,-9999,0.562104,1.27919,-32.0545,-0.311969E-02,1.69969,-0.764286,0,-9999,-9999,-9999,-9999,-9999,-9999,-9999,-0.280113,1.13155,386.664,1.17427,148.385,1.74166,-18.0258,1.74166,3.37902,1.74166,800000099,800000099,800000099,800000099,800000099,800000099,899999999,899999999,89999,89999,89,89,19,3,0,2,11,1,0,0,18000,0,0,0,0,0,0,93,1.17840,0.855199,0.524778,0.777326,1.82644,0.264608,0.378168,-0.532758,0.998681E-01,14.3025,850.302,0.747267E-03,0.688435E-02,-0.428655E-02,0.781985E-03,15.5300,414.877,24.6650,18.3881,91.8233,91.8247,91.8218,0.294377E-02,0.322490E-03,2.00000,15.2595
2020-08-01T110000_AIU-2109.ghg,2020-08-01,11:30,214.4790,1,18000,18000,-0.321911,2,401.569,2,244.276,2,-25.6230,2,5.56361,2,0.986589E-02,0.765774E-01,0.351405E-03,0.174412E-02,0.535445E-10,0.327218E-11,14.2740,415.016,425.815,0.100000,0,872.304,25.3622,26.0222,0.200000,0,302.409,299.991,87119.9,1.00218,1019.63,0.288594E-01,0.360522,0.158364E-01,2192.34,3517.96,0.158020E-01,62.3185,1325.62,292.126,0.200954,2.76671,0.361284,2.79743,0.291678E-13,0.375119E-14,2.79743,5.96672,274.852,85.8457,7.42040,-9999,0.566755,1.03321,-35.9414,-0.278231E-02,1.64391,-0.693391,0,-9999,-9999,-9999,-9999,-9999,-9999,-9999,-0.284534,1.13136,353.481,1.17574,140.786,1.73510,-14.7675,1.73510,3.20651,1.73510,800000099,800000099,800000099,800000099,800000099,800000099,899999999,899999999,89999,89999,89,89,13,0,0,0,6,0,0,0,18000,0,0,0,0,0,0,93,0.927346,0.630491,0.508577,0.689129,1.21602,0.267839,0.345923,-0.437181,0.949268E-01,14.2759,872.398,0.745693E-03,0.689056E-02,-0.429566E-02,0.778011E-03,15.5317,415.017,25.3620,18.8289,91.7543,91.7704,91.7381,0.322786E-01,0.323564E-03,2.00000,15.2577
2020-08-01T113000_AIU-2109.ghg,2020-08-01,12:00,214.4999,1,18000,18000,-0.414226,2,261.405,2,209.529,2,-21.4933,2,4.77130,2,-0.111715E-01,-0.893496E-01,0.954821E-03,-0.203463E-02,-0.394293E-09,-0.233027E-10,14.3299,415.397,425.851,0.100000,0,846.898,24.5499,25.1678,0.100000,0,302.133,299.794,87115.8,1.00309,1019.17,0.288344E-01,0.309180,0.153424E-01,2122.57,3477.75,0.152952E-01,61.0329,1355.18,291.609,0.214282,2.85861,0.337183,2.88639,0.828185E-13,-0.275154E-13,2.88639,7.32855,274.335,85.7131,6.70850,-9999,0.642612,1.31782,-80.4678,-0.124273E-02,1.24758,-0.397904,0,-9999,-9999,-9999,-9999,-9999,-9999,-9999,-0.366092,1.13148,232.090,1.17476,120.458,1.73945,-12.3564,1.73945,2.74300,1.73945,800000099,800000099,800000099,800000099,800000099,800000099,899999999,899999999,89999,89999,89,89,6,2,0,0,8,0,0,0,18000,0,0,0,0,0,0,93,1.37386,0.783807,0.477979,0.378359,1.23354,0.108151,0.227023,-0.365188,0.810681E-01,14.3319,847.011,0.748564E-03,0.688724E-02,-0.429063E-02,0.780727E-03,15.5400,415.398,24.5499,18.3124,91.7843,91.7833,91.7853,-0.203278E-02,0.322253E-03,2.00000,15.2580
2020-08-01T120000_AIU-2109.ghg,2020-08-01,12:30,214.5207,1,18000,18000,-0.191966,2,129.253,2,104.177,2,-15.3927,2,2.37122,2,-0.258758E-01,-0.188228E-02,-0.726186E-03,-0.428434E-04,0.288570E-09,0.170545E-10,14.3557,415.107,425.547,0.100000,0,848.421,24.5328,25.1498,0.200000,0,301.673,299.339,87115.5,1.00462,1019.15,0.287906E-01,0.153655,0.153551E-01,2121.10,3385.73,0.152845E-01,62.6482,1264.63,291.598,0.559573,2.58874,0.156881,2.65317,-0.118717E-13,0.201014E-13,2.65317,5.89143,282.787,77.8028,3.38987,-9999,0.437132,0.777902,-51.2247,-0.195218E-02,1.24070,-0.288795,0,-9999,-9999,-9999,-9999,-9999,-9999,-9999,-0.169703,1.13119,114.533,1.17755,60.2779,1.72828,-8.90638,1.72828,1.37201,1.72828,800000099,800000099,800000099,800000099,800000099,800000099,899999999,899999999,89999,89999,89,89,7,0,0,7,18,1,0,0,18000,0,0,0,0,0,0,93,0.736483,0.512828,0.306492,0.164937,1.31766,0.156261,0.111865,-0.262819,0.404868E-01,14.3577,848.539,0.747859E-03,0.688141E-02,-0.427827E-02,0.781704E-03,15.5350,415.109,24.5328,18.3028,91.8215,91.8022,91.8409,-0.387830E-01,0.321922E-03,2.00000,15.2581
2020-08-01T123000_AIU-2109.ghg,2020-08-01,13:00,214.5415,1,18000,18000,-0.252380,2,134.222,2,79.3373,2,-16.5053,2,1.80523,2,-0.195942E-01,0.189259,-0.308157E-04,0.430636E-02,0.219766E-09,0.138970E-10,14.3832,415.095,426.284,-0.100000,0,909.526,26.2487,26.9563,0.100000,1,301.489,298.995,87101.8,1.00497,1020.10,0.287776E-01,0.116979,0.164365E-01,2267.85,3317.02,0.163551E-01,68.3701,1049.17,292.669,0.264615,3.06569,0.262159,3.08823,-0.118472E-13,0.152794E-13,3.08823,7.62221,276.020,85.0667,4.86967,-9999,0.501129,1.04381,-74.3341,-0.134528E-02,1.69179,-0.261261,0,-9999,-9999,-9999,-9999,-9999,-9999,-9999,-0.222989,1.13180,118.342,1.17289,45.3643,1.74889,-9.43759,1.74889,1.03221,1.74889,800000099,800000099,800000099,800000099,800000099,800000099,899999999,899999999,89999,89999,89,89,20,0,0,0,0,0,0,0,18000,0,0,0,0,0,0,93,1.15776,0.522523,0.407332,0.173683,2.00355,0.219431,0.115435,-0.278852,0.304987E-01,14.3852,909.650,0.753394E-03,0.687364E-02,-0.426679E-02,0.788324E-03,15.5300,415.096,26.2486,19.3816,91.7378,91.6876,91.7880,-0.100419,0.320667E-03,2.00000,15.2546
2020-08-01T130000_AIU-2109.ghg,2020-08-01,13:30,214.5624,1,18000,18000,-0.302812,2,59.1836,2,70.0841,2,-6.68852,2,1.59399,2,-0.255143E-01,0.297505E-01,0.260748E-02,0.676643E-03,-0.133811E-09,-0.852709E-11,14.4689,416.133,427.468,0.100000,0,922.031,26.5180,27.2404,0.500000,0,301.064,298.548,87091.3,1.00626,1020.25,0.287405E-01,0.103290,0.166265E-01,2290.64,3230.09,0.165231E-01,70.9157,939.447,292.830,0.625540,2.79996,0.279961,2.88261,-0.491227E-13,-0.924816E-14,2.88261,6.80496,282.705,77.4064,5.57338,-9999,0.548569,0.992186,-221.124,-0.452234E-03,0.844466,-0.105088,0,-9999,-9999,-9999,-9999,-9999,-9999,-9999,-0.267626,1.13147,53.4149,1.17480,40.2991,1.73910,-3.84597,1.73910,0.916560,1.73910,800000099,800000099,800000099,800000099,800000099,800000099,899999999,899999999,89999,89999,89,89,2,5,0,0,1,0,0,0,18000,0,0,0,0,0,0,93,1.02518,0.588505,0.370687,0.481838E-01,0.242374,0.703789E-01,0.520293E-01,-0.113521,0.270539E-01,14.4709,922.155,0.755989E-03,0.686024E-02,-0.424213E-02,0.795865E-03,15.5383,416.134,26.5180,19.5469,91.6699,91.5770,91.7628,-0.185778,0.319455E-03,2.00000,15.2529
2020-08-01T133000_AIU-2109.ghg,2020-08-01,14:00,214.5832,1,18000,18000,-0.118015,2,95.5172,2,540.014,2,-4.40860,2,12.2867,2,0.223550E-01,-0.156581,-0.287622E-02,-0.356262E-02,0.130549E-09,0.789582E-11,14.4048,414.987,425.671,0.100000,0,871.226,25.0990,25.7452,0.600000,0,301.325,298.941,87089.2,1.00544,1019.46,0.287661E-01,0.796180,0.157228E-01,2169.00,3306.63,0.156378E-01,65.5954,1137.63,291.954,0.733302,1.63226,0.522527E-01,1.79018,-0.122025E-13,0.906288E-14,1.79018,5.10431,293.843,65.8077,1.67262,-9999,0.342603,0.761514,-33.3671,-0.299696E-02,0.176879,-0.271997,0,-9999,-9999,-9999,-9999,-9999,-9999,-9999,-0.104292,1.13159,101.116,1.19718,319.541,1.68997,-2.60869,1.68997,7.27039,1.68997,800000099,800000099,800000099,800000099,800000099,800010099,899999999,899999999,89999,89999,89,89,5,5,0,11,7,0,0,0,18000,0,0,0,0,0,0,93,0.790728,0.418321,0.313980,0.325697,3.27109,1.00682,0.986498E-01,-0.769584E-01,0.214482,14.4070,871.387,0.756598E-03,0.685807E-02,-0.424137E-02,0.795022E-03,15.5400,414.988,25.0984,18.6557,91.7930,91.7275,91.8585,-0.130960,0.319973E-03,2.00000,15.2546
2020-08-01T140000_AIU-2109.ghg,2020-08-01,14:30,214.6040,1,18000,18000,-0.521403E-01,2,153.642,2,201.435,2,-10.5292,2,4.58742,2,0.541004E-01,-0.134699,-0.412560E-02,-0.306759E-02,0.110118E-09,0.636008E-11,14.2417,413.338,423.447,0.100000,0,822.556,23.8731,24.4569,0.200000,0,302.169,299.894,87037.9,1.00211,1018.79,0.288637E-01,0.297265,0.149043E-01,2062.65,3498.50,0.148729E-01,58.9581,1435.85,291.152,0.576161,1.67215,-0.137366E-02,1.76863,0.458418E-13,0.773209E-14,1.76863,6.61590,292.224,70.9880,-0.445003E-01,-9999,0.228102,0.837769,-6.11841,-0.163441E-01,0.762739,-0.659751,0,-9999,-9999,-9999,-9999,-9999,-9999,-9999,-0.460750E-01,1.13164,136.978,1.19794,119.262,1.68901,-6.23394,1.68901,2.71603,1.68901,800000099,800000099,800000099,800000099,800000099,800011099,899999999,899999999,89999,89999,89,89,10,4,0,1,20,0,0,0,18000,0,0,0,0,0,0,93,1.03075,0.361530,0.283262,0.297780,0.787913,0.200645,0.134169,-0.184302,0.802977E-01,14.2437,822.669,0.753282E-03,0.687354E-02,-0.426574E-02,0.787883E-03,15.5400,413.341,23.8729,17.8527,91.9300,91.9367,91.9233,0.134038E-01,0.323087E-03,2.00000,15.2574
2020-08-01T143000_AIU-2109.ghg,2020-08-01,15:00,214.6249,1,18000,18000,-0.111446,2,34.5040,2,53.0452,2,-9.22339,2,1.20713,2,-0.440868E-01,0.148875,0.161931E-02,0.338789E-02,0.934494E-10,0.569388E-11,14.3353,413.984,424.697,0.100000,0,873.451,25.2241,25.8768,0.100000,1,301.517,299.119,87039.7,1.00422,1019.53,0.288008E-01,0.782218E-01,0.157821E-01,2178.48,3341.77,0.157158E-01,65.1895,1163.29,292.024,0.601956,1.34511,0.110800,1.47782,0.508603E-13,0.651883E-14,1.47782,3.96829,296.191,65.8909,4.29978,-9999,0.333132,0.438582,-84.8872,-0.117803E-02,0.650465,-0.101163,0,-9999,-9999,-9999,-9999,-9999,-9999,-9999,-0.983922E-01,1.13267,30.8177,1.20914,31.6475,1.67613,-5.50280,1.67613,0.720189,1.67613,800000099,800000099,800000099,800000099,800000099,800000099,899999999,899999999,89999,89999,89,89,6,0,0,0,12,5,0,0,18000,0,0,0,0,0,0,93,0.366842,0.377846,0.132475,0.550603E-01,0.814277,0.141964,0.301002E-01,-0.162553,0.212745E-01,14.3373,873.576,0.749312E-03,0.688235E-02,-0.427892E-02,0.785859E-03,15.5300,413.985,25.2240,18.7326,91.8653,91.8276,91.9030,-0.754047E-01,0.321035E-03,2.00000,15.2545
2020-08-01T150000_AIU-2109.ghg,2020-08-01,15:30,214.6457,1,18000,18000,-0.228220,2,22.1470,2,194.831,2,-0.786241,2,4.43011,2,-0.474106E-01,-0.501924E-01,0.529910E-02,-0.114128E-02,-0.258995E-09,-0.154184E-10,14.4649,416.090,426.659,0.100000,1,861.116,24.7705,25.3997,-0.200000,0,300.636,298.288,87081.2,1.00767,1019.26,0.287030E-01,0.287071,0.155512E-01,2140.64,3181.13,0.154328E-01,67.2919,1040.49,291.744,-0.471808,-0.325766,-0.208390E-01,0.573725,0.995155E-13,-0.179051E-13,0.573725,6.53427,181.443,214.624,-2.08157,-9999,0.475903,1.52964,-385.663,-0.259294E-03,0.113673,-0.453100E-01,0,-9999,-9999,-9999,-9999,-9999,-9999,-9999,-0.199972,1.14126,25.4518,1.26016,119.887,1.62512,-0.483806,1.62512,2.72603,1.62512,800000099,800000099,800000099,800000099,800000099,810100099,899999999,899999999,89999,89999,89,89,7,3,0,8,17,0,0,0,18000,0,0,0,0,0,0,93,1.81131,0.859534,0.388431,0.142358,0.532892,1.09894,0.247809E-01,-0.142367E-01,0.802170E-01,14.4670,861.160,0.754220E-03,0.687706E-02,-0.426426E-02,0.792795E-03,15.5200,416.092,24.7695,18.4420,91.8874,91.8187,91.9562,-0.137495,0.319812E-03,2.00000,15.2547
2020-08-01T153000_AIU-2109.ghg,2020-08-01,16:00,214.6665,1,18000,18000,-0.305908,2,89.9385,2,15.8494,2,-3.40335,2,0.359981,2,-0.666949E-01,-0.506240E-01,0.726232E-02,-0.114980E-02,-0.631572E-09,-0.366547E-10,14.6344,418.964,429.405,0.100000,1,849.342,24.3155,24.9215,0.100000,0,299.420,297.124,87107.4,1.01209,1018.98,0.285783E-01,0.233268E-01,0.153321E-01,2102.26,2967.36,0.151490E-01,70.8462,865.098,291.455,0.308320,0.492819,0.133912,0.596714,-0.937617E-13,-0.431566E-13,0.596714,5.95483,305.829,57.9413,12.9685,-9999,0.549775,1.73454,-146.429,-0.682927E-03,5.67456,-0.158626,0,-9999,-9999,-9999,-9999,-9999,-9999,-9999,-0.268129,1.14090,72.6470,1.25849,9.74432,1.62653,-2.09240,1.62653,0.221318,1.62653,800000099,800000099,800000099,800000099,800000099,800110099,899999999,899999999,89999,89999,89,89,15,8,3,7,7,0,0,0,18000,0,0,0,0,0,0,93,2.16419,0.930298,0.374590,0.970761E-01,0.224400,0.120235E-01,0.704420E-01,-0.612759E-01,0.648131E-02,14.6365,849.458,0.756884E-03,0.684815E-02,-0.423121E-02,0.795230E-03,15.5200,418.965,24.3156,18.1666,91.9032,91.7880,92.0185,-0.230507,0.318602E-03,2.00000,15.2530
2020-08-01T160000_AIU-2109.ghg,2020-08-01,16:30,214.6873,1,18000,18000,0.154865,2,35.7709,2,25.7016,2,3.63923,2,0.583208,2,-0.550704E-01,0.570851E-02,0.474800E-02,0.129535E-03,0.318285E-09,0.184289E-10,14.7723,420.836,431.346,0.200000,0,855.327,24.3666,24.9752,0.100000,1,298.460,296.167,87149.9,1.01584,1018.99,0.284727E-01,0.377919E-01,0.154213E-01,2107.67,2800.91,0.151808E-01,75.2496,693.235,291.496,0.127197,0.895457,-0.539267E-02,0.904462,-0.460344E-13,0.215460E-13,0.904462,4.71534,281.681,81.9154,-0.341617,-9999,0.390448,1.06753,-131.923,-0.758017E-03,1.39178,-0.885059E-01,0,-9999,-9999,-9999,-9999,-9999,-9999,-9999,0.136216,1.13690,30.1139,1.23817,15.6192,1.64552,2.21160,1.64552,0.354421,1.64552,800000099,800000099,800000099,800000099,800000099,800101099,899999999,899999999,89999,89999,89,89,9,2,0,15,8,2,0,0,18000,0,0,0,0,0,0,93,1.65570,0.327115,0.152252,0.307995E-01,1.42457,0.124305E-01,0.290919E-01,0.645309E-01,0.103414E-01,14.7744,855.446,0.756538E-03,0.682711E-02,-0.421145E-02,0.795809E-03,15.5200,420.837,24.3667,18.2102,91.6673,91.4739,91.8608,-0.386914,0.316276E-03,2.00000,15.2538
2020-08-01T163000_AIU-2109.ghg,2020-08-01,17:00,214.7082,1,18000,18000,-0.381621E-01,2,-26.1749,2,13.2040,2,7.21845,2,0.299584,2,-0.695414E-02,0.157242E-01,0.392768E-02,0.356762E-03,0.157646E-09,0.914683E-11,14.8801,422.384,432.995,0.100000,0,863.365,24.5072,25.1229,0.100000,1,298.351,296.046,87138.0,1.01606,1019.07,0.284663E-01,0.194130E-01,0.155138E-01,2119.45,2780.45,0.152685E-01,76.2268,661.003,291.585,0.428214,-0.520470,-0.872756E-01,0.679613,0.141591E-13,0.105944E-13,0.679613,2.83040,34.7946,309.446,-7.37827,-9999,0.193801,0.518057,22.0451,0.453616E-02,-1.98234,0.130439,0,-9999,-9999,-9999,-9999,-9999,-9999,-9999,-0.330406E-01,1.15501,-19.2234,1.34321,6.51775,2.02586,3.56315,2.02586,0.147880,2.02586,800000099,800000099,800000099,800000099,800000099,801011099,899999999,899999999,89999,89999,89,89,2,0,0,0,0,0,0,0,18000,0,0,0,0,0,0,93,0.549689,0.438958,0.474666E-01,0.943861E-01,7.34648,0.391994E-01,-0.185655E-01,0.103958,0.431453E-02,14.8822,863.483,0.755357E-03,0.681229E-02,-0.419659E-02,0.796103E-03,15.5200,422.385,24.5072,18.2995,90.9105,90.5936,91.2274,-0.633757,0.315815E-03,2.00000,15.2473
2020-08-01T170000_AIU-2109.ghg,2020-08-01,17:30,214.7290,1,18000,18000,0.226519,2,-77.7130,2,243.874,2,12.1985,2,5.53460,2,0.148531E-01,0.544676E-01,-0.255251E-02,0.123611E-02,-0.391286E-09,-0.232102E-10,14.8198,421.376,432.179,0.100000,1,879.079,24.9951,25.6359,0.100000,1,298.658,296.304,87108.7,1.01465,1019.34,0.285051E-01,0.358642,0.158011E-01,2160.58,2824.15,0.155729E-01,76.5036,663.572,291.892,0.237328,0.136186,-0.120842,0.299122,-0.156598E-12,-0.264029E-13,0.299122,3.09745,344.991,29.8486,-23.8279,-9999,0.472491,0.460110,107.586,0.929493E-03,-0.318660,0.159024,0,-9999,-9999,-9999,-9999,-9999,-9999,-9999,0.195440,1.15902,-49.3763,1.36129,127.626,1.91085,6.38380,1.91085,2.89640,1.91085,800000099,800000099,800000099,800000099,800000099,800010099,899999999,899999999,89999,89999,89,89,4,3,0,3,1,0,0,0,18000,0,0,0,0,0,0,93,0.242994,0.571896,0.105331,0.130570,3.62906,0.321169,-0.477398E-01,0.186599,0.846620E-01,14.8219,879.177,0.755561E-03,0.681728E-02,-0.419916E-02,0.796371E-03,15.5150,421.377,24.9948,18.6063,90.9125,90.6074,91.2176,-0.610170,0.316652E-03,2.00000,15.2492
2020-08-01T173000_AIU-2109.ghg,2020-08-01,18:00,214.7498,1,18000,18000,-0.834467E-02,2,1.49156,2,-12.2270,2,-3.36065,2,-0.277519,2,0.694428E-02,-0.347372E-01,-0.848379E-02,-0.788436E-03,0.192209E-10,0.113496E-11,14.6987,418.028,428.607,0.100000,1,867.937,24.6839,25.3086,0.100000,1,298.750,296.425,87130.2,1.01461,1019.17,0.285069E-01,-0.179832E-01,0.156034E-01,2134.41,2844.93,0.153788E-01,75.0253,710.512,291.697,0.381615,-1.20983,-0.231040,1.28946,-0.291243E-13,0.130766E-14,1.28946,2.61156,73.2535,287.507,-10.3218,-9999,0.906893E-01,0.158636,-39.6410,-0.252264E-02,-0.121989,-0.159053E-01,0,-9999,-9999,-9999,-9999,-9999,-9999,-9999,-0.736065E-02,1.13369,0.765198,1.21755,-7.33505,1.66693,-2.01607,1.66693,-0.166485,1.66693,800000099,800000099,800000099,800000099,800000099,800001099,899999999,899999999,89999,89999,89,89,11,5,0,1,0,0,0,0,18000,0,0,0,0,0,0,93,0.164351,0.116829,0.360923E-01,0.483492E-01,6.00150,0.177573,0.739995E-03,-0.589150E-01,-0.486514E-02,14.7007,868.051,0.756339E-03,0.683432E-02,-0.421400E-02,0.794360E-03,15.5100,418.028,24.6838,18.4118,91.1894,90.9140,91.4647,-0.550734,0.316109E-03,2.00000,15.2491
2020-08-01T180000_AIU-2109.ghg,2020-08-01,18:30,214.7707,1,18000,18000,-0.119299E-01,2,-9.88581,2,9.12050,2,4.24943,2,0.206891,2,-0.339554E-01,-0.117923E-01,0.503984E-02,-0.267498E-03,0.826086E-10,0.483414E-11,14.7835,420.013,430.596,0.100000,1,865.108,24.5785,25.1978,0.100000,1,298.146,295.835,87135.5,1.01673,1019.10,0.284475E-01,0.134065E-01,0.155692E-01,2125.50,2745.19,0.153130E-01,77.4266,619.682,291.631,0.480005E-01,-1.08743,-0.145539,1.09817,0.146314E-13,0.558790E-14,1.09817,2.41226,88.2434,272.527,-7.61570,-9999,0.108322,0.174536,10.1920,0.981161E-02,-1.08391,0.880792E-01,0,-9999,-9999,-9999,-9999,-9999,-9999,-9999,-0.103187E-01,1.15615,-7.20332,1.33354,4.20196,2.17054,1.95778,2.17054,0.953179E-01,2.17054,800000099,800000099,800000099,800000099,800000099,800000099,899999999,899999999,89999,89999,89,89,1,2,0,1,4,0,0,0,18000,0,0,0,0,0,0,93,0.238749,0.695984E-01,0.407251E-01,0.367733E-01,2.24712,0.330350E-01,-0.695200E-02,0.570863E-01,0.277935E-02,14.7856,865.226,0.756616E-03,0.683731E-02,-0.422290E-02,0.795377E-03,15.5183,420.014,24.5786,18.3457,91.0350,90.7334,91.3367,-0.603239,0.315953E-03,2.00000,15.2507
2020-08-01T183000_AIU-2109.ghg,2020-08-01,19:00,214.7915,0,18000,18000,-0.207508E-01,2,-10.2225,2,11.1786,2,4.97625,2,0.253583,2,0.139830E-02,-0.270153E-01,0.921760E-02,-0.612835E-03,-0.228039E-09,-0.131002E-10,14.9145,423.643,434.211,0.100000,1,856.795,24.3371,24.9442,0.100000,1,298.148,295.860,87139.9,1.01679,1018.97,0.284462E-01,0.164322E-01,0.154170E-01,2104.90,2749.29,0.151624E-01,76.5615,644.392,291.475,0.326016,-1.19400,-0.153087,1.24714,-0.124760E-13,-0.152898E-13,1.24714,2.36504,71.3611,285.272,-7.05085,-9999,0.142857,0.183054,22.6085,0.442311E-02,-0.914471,0.690659E-01,0,-9999,-9999,-9999,-9999,-9999,-9999,-9999,-0.180143E-01,1.15191,-7.46040,1.32307,5.11017,2.18752,2.27484,2.18752,0.115923,2.18752,800000099,800000099,800000099,800000099,800000099,801000099,899999999,899999999,89999,89999,89,89,8,6,0,5,6,0,0,0,18000,0,0,0,0,0,0,93,0.276374,0.563131E-01,0.334211E-01,0.644805E-01,5.97840,0.212876E-01,-0.720064E-02,0.663123E-01,0.337919E-02,14.9165,856.914,0.753675E-03,0.683764E-02,-0.422042E-02,0.795930E-03,15.5217,423.644,24.3372,18.1890,91.1998,90.9155,91.4840,-0.568455,0.316104E-03,2.00000,15.2468
2020-08-01T190000_AIU-2109.ghg,2020-08-01,19:30,214.8123,0,18000,18000,0.315434E-01,2,10.6002,2,-22.8993,2,-9.18695,2,-0.519336,2,-0.147057E-01,0.672677E-02,0.910334E-02,0.152557E-03,0.395989E-09,0.226134E-10,15.0447,427.225,437.908,0.100000,1,859.144,24.3972,25.0073,0.100000,1,297.896,295.605,87167.7,1.01797,1018.99,0.284131E-01,-0.336530E-01,0.154730E-01,2110.72,2707.02,0.151999E-01,77.9723,596.295,291.519,0.211578,-0.717967,-0.123696,0.758645,-0.118635E-13,0.263209E-13,0.758645,2.45699,62.9191,286.420,-9.38392,-9999,0.176030,0.235437,-40.8009,-0.245092E-02,-0.462904,-0.580524E-01,0,-9999,-9999,-9999,-9999,-9999,-9999,-9999,0.277035E-01,1.13861,7.67245,1.24734,-13.9919,1.63661,-5.61340,1.63661,-0.317324,1.63661,800000099,800000099,800000099,800000099,800000099,811100199,899999999,899999999,89999,89999,89,89,6,2,0,1,1,0,0,0,18000,0,0,0,0,0,0,93,0.376542,0.643374E-01,0.299952E-01,0.408550E-01,9.32212,0.186653E-01,0.739652E-02,-0.163452,-0.923992E-02,15.0467,859.262,0.752452E-03,0.684054E-02,-0.422305E-02,0.794404E-03,15.5300,427.225,24.3972,18.2348,91.1939,90.9093,91.4785,-0.569158,0.315511E-03,2.00000,15.2493
2020-08-01T193000_AIU-2109.ghg,2020-08-01,20:00,214.8332,0,18000,18000,0.164555E-02,2,-5.24509,2,6.47775,2,5.46240,2,0.146913,2,0.132964E-02,-0.192231E-01,-0.312326E-02,-0.435972E-03,-0.169425E-10,-0.963495E-12,15.0060,425.996,436.573,0.00000,0,853.364,24.2257,24.8272,0.100000,0,297.903,295.628,87202.0,1.01836,1018.90,0.284026E-01,0.951996E-02,0.153700E-01,2096.83,2710.86,0.150929E-01,77.3494,614.026,291.414,0.177069,-0.584795,-0.744545E-01,0.615535,-0.316301E-13,-0.112905E-14,0.615535,2.35830,75.2583,286.846,-6.94746,-9999,0.401981E-01,0.252494,0.982189,0.101813,-0.809709,0.125753,0,-9999,-9999,-9999,-9999,-9999,-9999,-9999,0.134205E-02,1.22614,-3.43281,1.46561,2.72492,2.37723,2.29780,2.37723,0.618001E-01,2.37723,800000099,800000099,800000099,800000099,800000099,800000099,899999999,899999999,89999,89999,89,89,4,6,0,3,0,0,0,0,18000,0,0,0,0,0,0,93,0.271728,0.215508,0.177527E-01,0.444938E-01,22.7287,0.169253E-01,-0.330841E-02,0.668716E-01,0.179853E-02,15.0080,853.482,0.754704E-03,0.685157E-02,-0.422667E-02,0.796600E-03,15.5300,425.997,24.2258,18.1289,91.3108,91.0407,91.5809,-0.540216,0.314849E-03,2.00000,15.2520
2020-08-01T200000_AIU-2109.ghg,2020-08-01,20:30,214.8540,0,18000,18000,0.519662E-01,2,-2.84599,2,-11.7348,2,2.56727,2,-0.266124,2,-0.379660E-02,0.217459E-02,0.131186E-02,0.493157E-04,0.291359E-09,0.165623E-10,15.0185,426.512,437.110,0.100000,0,853.730,24.2451,24.8475,0.100000,1,297.839,295.562,87233.2,1.01894,1018.91,0.283863E-01,-0.172448E-01,0.153911E-01,2099.25,2700.03,0.151050E-01,77.7490,600.785,291.432,0.200276,-0.206374,-0.625495E-01,0.294301,0.222762E-13,0.193999E-13,0.294301,2.33538,13.6232,314.141,-12.2710,-9999,0.225833,0.209290,321.049,0.311479E-03,0.242525,0.121384E-01,0,-9999,-9999,-9999,-9999,-9999,-9999,-9999,0.448457E-01,1.15878,-2.49930,1.36100,-6.14963,1.90821,1.34538,1.90821,-0.139462,1.90821,800000099,800000099,800000099,800000099,800000099,800000099,899999999,899999999,89999,89999,89,89,1,0,0,0,6,0,0,0,18000,0,0,0,0,0,0,93,0.319906,0.715407E-01,0.271322E-01,0.316116E-01,17.0717,0.155638E-01,-0.240733E-02,0.391321E-01,-0.405644E-02,15.0206,853.848,0.754877E-03,0.685232E-02,-0.422981E-02,0.794871E-03,15.5300,426.513,24.2452,18.1457,91.4131,91.1626,91.6637,-0.501113,0.315675E-03,2.00000,15.2517
2020-08-01T203000_AIU-2109.ghg,2020-08-01,21:00,214.8748,0,18000,18000,0.781164E-01,2,9.04292,2,-23.0168,2,-5.80271,2,-0.521951,2,-0.316771E-02,-0.388714E-02,0.715708E-02,-0.881486E-04,0.336394E-09,0.189700E-10,15.1213,429.324,439.976,0.100000,1,852.721,24.2105,24.8112,0.100000,1,297.780,295.507,87250.7,1.01935,1018.89,0.283751E-01,-0.338224E-01,0.153752E-01,2096.69,2691.04,0.150834E-01,77.9137,594.353,291.413,-0.529406E-01,-0.172846,-0.388608E-01,0.184902,0.190304E-13,0.222464E-13,0.184902,2.31454,73.1046,252.971,-12.1323,-9999,0.276828,0.272351,-186.134,-0.537248E-03,-0.392884,-0.314521E-01,0,-9999,-9999,-9999,-9999,-9999,-9999,-9999,0.679393E-01,1.14980,6.14456,1.29160,-14.2971,1.60989,-3.60441,1.60989,-0.324215,1.60989,800000099,800000099,800000099,800000099,800000099,800000099,899999999,899999999,89999,89999,89,89,0,0,0,4,11,0,0,0,18000,0,0,0,0,0,0,93,0.415054,0.973729E-01,0.322745E-01,0.285309E-01,28.2121,0.328877E-01,0.591620E-02,-0.104794,-0.942614E-02,15.1233,852.839,0.757191E-03,0.685479E-02,-0.423327E-02,0.796004E-03,15.5133,429.323,24.2105,18.1260,91.4335,91.1850,91.6820,-0.497002,0.315756E-03,2.00000,15.2498
2020-08-01T210000_AIU-2109.ghg,2020-08-01,21:30,214.8956,0,18000,18000,-0.100270E-01,2,-7.41769,2,-3.45108,2,10.3978,2,-0.782526E-01,2,-0.569088E-02,-0.172987E-01,0.367113E-02,-0.392244E-03,0.801695E-10,0.447713E-11,15.1785,430.765,441.384,0.100000,0,847.656,24.0564,24.6494,0.100000,1,297.666,295.408,87259.4,1.01985,1018.80,0.283614E-01,-0.507077E-02,0.152848E-01,2083.66,2674.99,0.149873E-01,77.8942,591.326,291.314,-0.220137E-01,-0.375156,-0.208222E-01,0.376378,0.368864E-13,0.528178E-14,0.376378,2.52621,67.5821,266.642,-3.17137,-9999,0.991560E-01,0.332835,10.4282,0.958939E-02,2.14938,0.719989E-01,0,-9999,-9999,-9999,-9999,-9999,-9999,-9999,-0.860892E-02,1.16473,-5.57185,1.36903,-1.75714,1.96403,5.29412,1.96403,-0.398429E-01,1.96403,800000099,800000099,800000099,800000099,800000099,800000099,899999999,899999999,89999,89999,89,89,2,2,1,0,0,0,0,0,18000,0,0,0,0,0,0,93,0.490550,0.146393,0.287270E-01,0.591301E-01,31.5968,0.366072E-01,-0.536261E-02,0.153822,-0.115764E-02,15.1806,847.773,0.753139E-03,0.685481E-02,-0.423745E-02,0.793669E-03,15.5117,430.766,24.0565,18.0274,91.4543,91.2049,91.7037,-0.498828,0.315264E-03,2.00000,15.2519
2020-08-01T213000_AIU-2109.ghg,2020-08-01,22:00,214.9165,0,18000,18000,-0.278154E-01,2,-5.01895,2,6.79187,2,2.15721,2,0.154013,2,0.329084E-02,-0.413392E-01,-0.124196E-01,-0.937409E-03,-0.868005E-10,-0.482792E-11,15.0193,425.888,436.222,0.100000,0,835.389,23.6883,24.2631,0.100000,1,297.689,295.465,87264.2,1.01984,1018.59,0.283620E-01,0.998002E-02,0.150505E-01,2052.13,2684.37,0.147577E-01,76.4474,632.239,291.071,-0.863678E-01,-1.04613,-0.107828,1.05521,-0.851175E-14,-0.577926E-14,1.05521,2.30599,96.3230,265.280,-5.86508,-9999,0.165149,0.172745,71.2072,0.140435E-02,-0.738964,0.292551E-01,0,-9999,-9999,-9999,-9999,-9999,-9999,-9999,-0.241909E-01,1.14983,-3.61370,1.32468,3.20127,2.12162,1.01677,2.12162,0.725921E-01,2.12162,800000099,800000099,800000099,800000099,800000099,800001199,899999999,899999999,89999,89999,89,89,0,0,0,0,1,0,0,0,18000,0,0,0,0,0,0,93,0.927959E-01,0.222657,0.300370E-01,0.977794E-01,18.9230,0.533125E-01,-0.347870E-02,0.295322E-01,0.210844E-02,15.0214,835.503,0.755405E-03,0.685084E-02,-0.423205E-02,0.795692E-03,15.5200,425.889,23.6883,17.7832,91.4979,91.2464,91.7494,-0.502959,0.314962E-03,2.00000,15.2502
2020-08-01T220000_AIU-2109.ghg,2020-08-01,22:30,214.9373,0,18000,18000,-0.277372E-01,2,-20.9625,2,27.4914,2,9.19012,2,0.623405,2,0.765374E-03,-0.319686E-01,-0.375653E-02,-0.724930E-03,-0.186396E-09,-0.102785E-10,14.9705,424.413,434.584,0.100000,1,825.526,23.4036,23.9644,0.100000,0,297.676,295.479,87251.8,1.01976,1018.43,0.283648E-01,0.403966E-01,0.148682E-01,2027.36,2686.61,0.145801E-01,75.4619,659.241,290.878,0.255641,-1.61876,-0.108425,1.64241,0.419014E-14,-0.124509E-13,1.64241,2.60591,81.3347,278.974,-3.78517,-9999,0.164923,0.111313,16.9764,0.589052E-02,-0.762510,0.122385,0,-9999,-9999,-9999,-9999,-9999,-9999,-9999,-0.240308E-01,1.15424,-15.2754,1.31673,12.0018,2.29061,4.01208,2.29061,0.272157,2.29061,800000099,800000099,800000099,800000099,800000099,800000099,899999999,899999999,89999,89999,89,89,10,8,0,0,2,8,0,0,18000,0,0,0,0,0,0,93,0.118437,0.660931E-01,0.380957E-01,0.580153E-01,5.85118,0.119343E-01,-0.147082E-01,0.116509,0.790329E-02,14.9726,825.640,0.751444E-03,0.683691E-02,-0.422033E-02,0.795727E-03,15.5200,424.414,23.4036,17.5890,91.5575,91.3105,91.8045,-0.493991,0.315292E-03,2.00000,15.2500
2020-08-01T223000_AIU-2109.ghg,2020-08-01,23:00,214.9581,0,18000,18000,-0.150106E-01,2,-7.35134,2,14.8714,2,6.47456,2,0.337223,2,-0.101754E-02,0.162513E-01,0.251136E-02,0.368515E-03,0.952429E-10,0.527225E-11,15.0023,425.399,435.658,0.100000,1,830.463,23.5483,24.1162,0.100000,1,297.672,295.461,87240.0,1.01963,1018.52,0.283682E-01,0.218521E-01,0.149583E-01,2039.53,2683.69,0.146704E-01,75.9973,644.158,290.973,0.200113,-1.62232,-0.191184,1.64576,0.961997E-14,0.634856E-14,1.64576,2.88505,83.6947,277.032,-6.67099,-9999,0.121333,0.129393,19.2744,0.518823E-02,-0.494327,0.583416E-01,0,-9999,-9999,-9999,-9999,-9999,-9999,-9999,-0.130116E-01,1.15363,-5.21528,1.31580,6.50027,2.28781,2.83002,2.28781,0.147400,2.28781,800000099,800000099,800000099,800000099,800000099,800000199,899999999,899999999,89999,89999,89,89,1,0,0,0,0,0,0,0,18000,0,0,0,0,0,0,93,0.123626,0.841168E-01,0.510443E-01,0.550810E-01,6.48147,0.111764E-01,-0.502190E-02,0.822043E-01,0.428156E-02,15.0044,830.579,0.749481E-03,0.683025E-02,-0.421769E-02,0.793989E-03,15.5200,425.401,23.5484,17.6857,91.5158,91.2647,91.7670,-0.502258,0.315794E-03,2.00000,15.2482
2020-08-01T230000_AIU-2109.ghg,2020-08-01,23:30,214.9790,0,18000,18000,-0.357492E-01,2,-7.75551,2,6.73881,2,1.88473,2,0.152821,2,0.488931E-02,0.482824E-02,0.268542E-02,0.109494E-03,0.765987E-10,0.423742E-11,15.0362,426.454,436.758,0.100000,1,831.799,23.5914,24.1614,0.100000,1,297.761,295.546,87237.1,1.01929,1018.54,0.283777E-01,0.990282E-02,0.149807E-01,2043.16,2697.55,0.146972E-01,75.7414,654.389,291.002,0.316529,-1.63562,-0.188467,1.67659,0.273470E-13,0.509429E-14,1.67659,2.92053,79.8655,280.953,-6.45430,-9999,0.187277,0.158117,67.1817,0.148850E-02,-1.15087,0.398888E-01,0,-9999,-9999,-9999,-9999,-9999,-9999,-9999,-0.310545E-01,1.15118,-5.76919,1.31164,2.95694,2.27898,0.827008,2.27898,0.670570E-01,2.27898,800000099,800000099,800000099,800000099,800000099,800000099,899999999,899999999,89999,89999,89,89,3,0,0,11,6,1,0,0,18000,0,0,0,0,0,0,93,0.182158,0.776879E-01,0.563894E-01,0.633823E-01,6.85699,0.113432E-01,-0.555700E-02,0.240314E-01,0.194856E-02,15.0383,831.916,0.752538E-03,0.683681E-02,-0.421794E-02,0.797361E-03,15.5200,426.456,23.5914,17.7144,91.5228,91.2744,91.7712,-0.496763,0.315558E-03,2.00000,15.2515
2020-08-01T233000_AIU-2109.ghg,2020-08-02,00:00,215.0000,0,18000,18000,-0.161278E-01,2,-9.73221,2,11.3701,2,3.20193,2,0.257831,2,-0.415189E-02,0.555690E-02,0.435238E-02,0.126010E-03,0.150451E-09,0.830708E-11,15.0925,428.164,438.532,0.100000,1,833.325,23.6409,24.2133,-0.200000,0,297.693,295.474,87233.2,1.01947,1018.57,0.283724E-01,0.167074E-01,0.150149E-01,2047.33,2685.76,0.147281E-01,76.2290,638.433,291.034,0.298624,-1.30667,-0.147023,1.34840,0.368656E-14,0.996859E-14,1.34840,2.72477,77.3805,282.873,-6.25971,-9999,0.125777,0.178223,16.2175,0.616619E-02,-0.855948,0.745156E-01,0,-9999,-9999,-9999,-9999,-9999,-9999,-9999,-0.139837E-01,1.15333,-7.08790,1.32266,5.11814,2.22153,1.44132,2.22153,0.116060,2.22153,800000099,800000099,800000099,800000099,800000099,800000199,899999999,899999999,89999,89999,89,89,4,2,0,4,7,0,0,0,18000,0,0,0,0,0,0,93,0.265121,0.693045E-01,0.220206E-01,0.680508E-01,7.47291,0.210208E-01,-0.682578E-02,0.418766E-01,0.337205E-02,15.0946,833.440,0.753308E-03,0.684641E-02,-0.422463E-02,0.796181E-03,15.5183,428.165,23.6409,17.7456,91.5395,91.2951,91.7839,-0.488852,0.315358E-03,2.00000,15.2504
